"520487912132313088","All fucked up getting fucked up"
"520487913348661248","Every time I bang a u-turn wit a tractor trailer ppl look at me like I walked on water lol"
"520487915886247936","Niggers piss me off"
"520487919979872256","@taylorswift13 Every Moment Infinite times God Damn Neil Diamond and John Cleese since 0 until Forever...."
"520487921271713792","Night time is the hardest part of the day to be alive. 4am knows all My secrets."
"520487924153217024","How to Form an LLC http://t.co/mFtYZdlpOG #LLCs #smallbusiness #smallbizchat #smallbiz #SmallBizSaturday #SmallBizSat http://t.co/TVj0zjKahv"
"520487937054867456","@_GabrielBravo haciÃ©ndose bolita."
"520487946760515584","And I said there is no law when I am paying you and tipping you to take me home"
"520487948413059072","@i5e4159 @_UpdateNow_ fuck me right in the pussy"
"520487949524541440","Pass out from partying all night and getting fuck by simon rex http://t.co/M4NY0kc0WG"
"520487955086184449","@JoshMoBro I can eat......... 50hard boiled eggy-weggies but can u take 50z..... Shots of russe"
"520487957099450368","Take home a nude (@ Sotheby's in New York  NY) https://t.co/AFzTsIFehV"
"520487964808605696","ğŸ˜‚ğŸ˜‚ğŸ˜‚ğŸ˜‚ğŸ˜‚ğŸ˜‚"
"520487970022121472","Need a helping tongue? "@cherry_sinn: http://t.co/dz8bfbXPqq""
"520487973695930368","WAG NA MUNA KAYO MAGPATREND PLS. KAHIT NGAYON LANG. @OFCKNBuddies @GotToBelieveFP THANK YOU."
"520487987571093504","TGI Friday Everyone."
"520487989810847745","Damn sleep i.miss u"
"520487991111086080","ğŸ‘€ğŸ‘€"
"520487992000270336","Kevs the best"
"520488012023865344","@ardensirens It's all the same  unfortunately."
"520488016205578240","White trash pisses me off"
"520488028167757824","At work really realizing my value and my work ethic. Working 10:45pm-7:45am then work 10am-5pm sheesh"
"520488030164246529","@lizardthug69 if the cop hit him in the head with the first shot or two he wouldn't have needed to fire 5 more the officer isn't stupid"
"520488034895409152","@tayl0rt_ @ItsCheezus fair enough....kindly educate all the other women lol"
"520488044882067456","lrt Go Figure !"
"520488076142186496","My bf just scratched my butt in his sleep. I wonder if he meant to scratch his own? ğŸ˜³ğŸ˜‚ğŸ˜‚ğŸ˜‚ğŸ˜‚"
"520488093825376256","No tengo SueÃ±o ' Pero Tratare De Dormir"
"520488098485252098","I want chocolate"
"520488116696940544","And I tried to get out and he still tried to make me pay 5 dollars... And he flagged down the cops"
"520488128180920320","White trash and niggers are the smell to me"
"520488163232727040","http://t.co/Vq4gmcIIYf you know what it is"
"520488166265196544","Ya esta Bueno para Estar jodiendo aquÃ­ âœ‹ğŸ˜’"
"520488208183099392","@NenehFamouz ğŸ˜‚ğŸ˜Š"
"520488208782868480","Sad Part Is  I Don't Even Wake Up Til Bout 12 Ina Afternoon   ğŸ˜©"
"520488210888396800","Take that as you will"
"520488220207767553","http://t.co/5SBGQ57ukC"
"520488220891426816","@shae_hollywood Love you"
"520488225216155648","@UncleRUSH http://t.co/vE4gaHlrh1"
"520488258137227264","Can't sleep now ğŸ˜’"
"520488261647486978","The shit that we about to release later on today is going to be crazy !!"
"520488262931320832","â˜ï¸â˜ï¸â˜ï¸â˜ï¸â˜ï¸â˜ï¸"
"520488262990061568","Naps can destroy sleep!!!  #awake"
"520488263476604928","@fitamazingirls saying hello http://t.co/cgGBjxENsK"
"520488287627378688","Respond to me right away or dont even respond at all"
"520488299333701632","ğŸ‘‡ğŸ‘‡ğŸ‘‡ğŸ‘‡ğŸ‘‡ğŸ‘‡ğŸ‘‡ğŸ‘‡"
"520488301971931137","Familias del Bronx lo pierden todo tras incendio esta madrugada  estamos en el lugar de los hechos con lo Ãºltimo  detalles en #ALDespertar."
"520488323560013825","Man the wait is over im in the booth cookin this crack"
"520488325887836161","Sleeping forever and forever. 5 day weekend starts now. ğŸ™ğŸ˜´"
"520488350726500352","I'm like would you rather me puke or eat? And he didn't care.. Just  kept screaming. Cops rolled up"
"520488358230114305","Ù…Ù† Ø£Ù‚Ù„ ØºÙŠØ§Ø¨ ÙŠØ¯ÙˆØ±ÙˆÙ† ØºÙŠØ±Ùƒ ØŒ.. Ù„Ù„Ø£Ø³Ù Ù‚Ù„ÙŠÙ„ Ø§Ù„ÙŠ ÙŠØ­Ø¨Ùƒ Ø¨Ù‚Ù†Ù€Ø§Ø¹Ø©."
"520488358263652352","Wish I Was Laid Up Kissing &amp; Shit"
"520488362273411072","Flying from New York to Orlando nice and early this morn."
"520488368187383808","Damn it. 4 am problem is coming back again"
"520488368673914881","BEAT THAT WHITE PUSSY TO DEATH! Then cum in it to bring it back to life "@cherry_sinn: http://t.co/TGsh3lq5QN""
"520488371018555392","Definitely can say the ball is rolling"
"520488424865017856","@eightyocho http://t.co/vE4gaHlrh1"
"520488426320449537","Ay que FrÃ­o ğŸ˜’ğŸ‘Œ"
"520488445580697600","Me &amp; @c0rruptx ğŸ˜»"
"520488453281447936","Middle of the night and I get a business inquiry !!! #allinadayswork #imawake #watchingbones #netflixâ€¦ http://t.co/aGtpextCpy"
"520488453218529280","I want you to be mine  but obviously it ain't what you want. Its cool I ain't trippin ğŸ˜"
"520488454158036992","Do u know what im bout to do to the east coast http://t.co/Vq4gmcIIYf"
"520488459451265025","à¸­à¸µà¸ªà¸±à¸ªà¸™à¸­à¸™à¹„à¸¡à¹ˆà¹„à¸”à¹‰à¹‚à¸­à¹‰à¸¢à¹à¸¡à¹ˆà¸ˆà¹‰à¸²à¸§"
"520488459568709632","http://t.co/6PPhwcqOHH"
"520488479902662656","Fuck yeah "@cherry_sinn: http://t.co/aW30PfoL2d""
"520488479550345216","New York city fucking ruined me!"
"520488496495337472","Insomnia is crazy lol"
"520488510126821376","@NenehFamouz Okk Bye Bye"
"520488512161062913","Made me pay this asshole"
"520488512169463808","@Harts4Manders yes you are!! Well anything is tall compared to me since I'm 5'1 ğŸ˜³"
"520488543756750848","Martial law will come in effect soon I see it"
"520488550857736192","Weird adventures with @ReasonableJohn at 4 am because we can."
"520488554468614144","Parang napakaimportante naman nila sainyo."
"520488555567542273",""mengurangkan defisit fiskal tanggungjawab moral kita"   siapa la yang menambahkan defisit tu sebelum ni ğŸ˜´ #Bajet2015"
"520488562509099008","Boychuk  Leddy give Islanders hope for glory as season begins: It has been talked about internally  and it has beenâ€¦ http://t.co/EE0MJt7bTy"
"520488564573097985","Well .. im going too sleep ;"
"520488569736278016","Me &amp; @c0rruptx ğŸ˜» http://t.co/4FIVIKcISN"
"520488571992801280","Sleeping in Sarah b's bed tn.........tryna get some action"
"520488574123528192","In 41 minutes I have a low tide. I'll be much lower than usual."
"520488578577494016","Hondo takes Royals to flush: The benevolent Devils were good to Hondo Thursday night  pushing around the bullies inâ€¦ http://t.co/1MxDPzUYyL"
"520488594025099264","Rangersâ€™ Zuccarello makes first career trip to fight club: ST. LOUIS â€” Mats Zuccarello had never before dropped hisâ€¦ http://t.co/kp0RWg98vw"
"520488609451749376","Colts nip Texans after nearly blowing 24-0 lead: HOUSTON â€” When Indianapolis raced to a big lead over the Texans inâ€¦ http://t.co/2Mbk2QY0FQ"
"520488610068705280","Might burn a cross tomorrow.  In the name of the Lord I shall burn my impurities"
"520488617157070849","Bruh"
"520488623175516160","Giants need Williams  run game to keep pressure off Manning: Hines Ward is enthralled with Odell Beckham Jr.â€™sâ€¦ http://t.co/xa4pwCummX"
"520488627558940672","Follow the movement and get intune wit it im hot boy http://t.co/Vq4gmcIIYf"
"520488627407949825","#Deadline: Nominate your favorite #professor for #ExcellenceinTeachingAward! Send to EIT@ccsu.edu by Oct 10th #CCSU http://t.co/nQk9hMfnO8"
"520488636077203456","SEC fans bringing the crazy to new college football TV show: The Twilight Zone. Chiller Theater. Tales From Theâ€¦ http://t.co/0tzKHU1azb"
"520488644545503232","No--scratch that  NAPAKAIMPORTANTE naman talaga nila SAINYO."
"520488646450114560","dis shower boutta b life ğŸ˜©"
"520488656260583424","AquÃ­ no Queda nadie Ya ğŸ˜’âœ‹"
"520488672727420928","I do feel a certain way tho can't lie"
"520488688619622400","Saying Rude Shit That You Really Dont Mean  Or Do You Really Mean It . Cause It Hurts !"
"520488701248294912","Fucking sexy http://t.co/eImzPV8SA7"
"520488721226137601","@JoshMoBro what the... Boy take yo ass on that surfboard u kno damn well u ain't wavy enuff http://t.co/a2Ru7dcHNE"
"520488725403684864","@mikecarson http://t.co/vE4gaHlrh1"
"520488739471364096","â€œ@charrrlenemarie: The ultimate sleepover right now ğŸ‘ŒğŸ˜‚â€"
"520488741757276160","What is sleep?"
"520488762355490816","@littlelonghairr &amp; I are never going to get any sleeep ğŸ˜­ğŸ˜­"
"520488770307895296","I'm really good a taking bad selfies. So skillful. http://t.co/iQkcNKkBQg"
"520488774468632576","I hate guys"
"520488798522966016","HOOOOOOLaa  PIINTO EL MAÃ‘ANEROO^-^  #WIIIIIIIII*-*"
"520488823231610881","Hope this guy shoves the 5 dollars up his ass... And knows I got in the next cab and enjoyed the shit out of my sandwich"
"520488828453539840","Still remember @Tip when you retweeted my tweet thanks fam http://t.co/6pzgNA7gyC"
"520488832622678016","I think I have a few flags that need to be burned too so it works out"
"520488837479661568","Opening for Joe Buck Yourself... http://t.co/7pozdFquvH"
"520488843653677056","à¸ˆà¸°à¹à¸à¹‰à¹€à¸«à¸µà¹‰à¸¢à¹„à¸£à¸™à¸±à¸ à¹€à¸à¸²à¸ˆà¸™à¸•à¸±à¸§à¸à¸±à¸‡à¸¥à¸°à¸„à¸§à¸¢à¸¢à¸¢"
"520488849500569600","â€œ@aye_dray: I'm the best roommate ever for driving her to the airport at 3amâ€ yes yes yes yes yes x100 ğŸ’ğŸ’ğŸ’ğŸ’"
"520488857813671936","@lizardthug69 the point wasnt to kill him in the first place the point would have been to avert the threat. Its sickening to think otherwise"
"520488858312802304","@ChrisIndigo_ be nice Christy."
"520488876037910529","coffee and oatmeal. Morning medicine"
"520488884980166656","420 ISIS"
"520488902294249472","@Chula_So_NY let me guess amazon? I'm at work"
"520488903539982338","Good morning! #beforenoon #fitness #fitmom #letswerk #luvmybabies #luvmyfamily #footballmom #Herbalifeâ€¦ http://t.co/ux7uJbJyzj"
"520488906434048000","Really hope Nihoff can beat the friend zone and get the girl"
"520488915434622977","6. Keke Palmer 7. Luhan 8. Halloween 9. Weeknd 10. Kim Jong Un  2014/10/10 03:07 CDT #trndnl http://t.co/lcaeh6tWOl"
"520488916839698433","1. #ProudOfCameron 2. #CheeseSongs 3. #shawshooting 4. #alwayssupportluhan 5. #ifChoiSiwonistheCEOofSM  2014/10/10 03:07 CDT"
"520488921835524096","@DannyxOcean ğŸ˜˜ğŸ˜˜ğŸ˜˜ğŸ˜˜"
"520488944186978304","@BMDC808 plus bug types get no love unless it's pinsir or heracross"
"520488947571785728","Goodnight"
"520488955113119744","Lot if niggas I fucks wit heavy. Ain't show love I feel a certain way"
"520488952034508800","#doom http://t.co/0YQgmgsTP6"
"520488960112738305","@NenehFamouz ğŸ˜˜ğŸ˜˜"
"520488965791838208","When tee throw it back ima catch"
"520488967339532288","Why I hate hanging with guys....... http://t.co/gptOlooNjB"
"520488985018519552","@MichelleDBeadle just saying hello and enjoy your day http://t.co/l09ZUgCqaC"
"520488993688154112","  that man want me help out with basketball he might have to find somebody else"
"520489014680649728","je me suis jamais prÃ©sentÃ© alors bref j'ai 14 ans je suis nÃ©e au Canada et je vis en France mais je vais souvent au Canada TODAY J'Y SUIS &lt;3"
"520489039255060480","@MarinIreland thanks Marin!!! So lovely to see you."
"520489062952869888","im going be up allnight"
"520489076718571520","@lizardthug69 you teach your children that if someone punches you or charges at you they automatically deserve death? Im done here goodnight"
"520489093135101952","And yes  we burn our old flags here because this is America and we respect our flags here"
"520489109534826496","i Hate Tf That #1Omf Follow People That I Follow . Like Byee âœŒ Find Your Own Friends BITCH! ğŸ˜‘ğŸ˜‚ğŸ˜‚"
"520489111124447232","@Zach_Garry"
"520489113200640000","I wasn't blazing... I was eating a sandwich."
"520489115046117376","Ok ok me voy"
"520489124248432640","When you forget to bring headphones to a 6hr flight  and no stores are open in the airport bc it's 4amğŸ˜…"
"520489128014925824","HXCrny u feel me"
"520489138957848576","Cada consejo  palabra cada vez que hablamos me llena de emociÃ³n saber que aunk muchos me juzguen tengo su respaldo la quiero @KattySoifer"
"520489152433762304","Hello world"
"520489161443528706","Can't even think straight anymore."
"520489171136552960","Odd dream I just woke up from ğŸ˜³"
"520489184595697664","banyak sangat akronim. EKR pulak  Ekonomi Keperluan Rakyat #Bajet2015"
"520489189369196544","I don't give a fuck  I don't  I don't give a fuck"
"520489197552291840","@britodoe xddddddddd funny joke john face but university housing accomedations"
"520489205324320768","LOL I THOUGHT ID BE ABLE TO SLEEP TONIGHT SO FUNNY"
"520489211007614976","Buenas Madrugadas ğŸ‘Œâœ‹ğŸ˜"
"520489217932398592","time and attention"
"520489237654024192","But for real who wrote that nick jonas song? I feel uncomfortable. #guiltypleasure"
"520489239650521088","Â¿EstÃ¡ buscando empleo? Cada maÃ±ana en #AlDespertar podemos ayudarle a encontrar el trabajo ideal #empleos  los esperamos a las 5am."
"520489243312152576","Bye Bye"
"520489257807675392","WANNA LICK THAT PUSSY DRY "@cherry_sinn: juicy http://t.co/4EW2Oc9cuk""
"520489264979922944","OD fucked up"
"520489273121046528","Thick and hard"
"520489273423052800","Not looked for or looked upon  just avoided if possible"
"520489283128676352","Me irÃ© A Dormir"
"520489302187597824","â€œ@KajEriksen: Holy cow the new Tesla is a beast! I want one! #Tesla #Awesome  https://t.co/uMRxAPABTJâ€ wow!"
"520489320256634880","@BMDC808 Yeah scyther is good. Scizor is too."
"520489326652981248","Queden con dios ğŸ‘ŒğŸ˜"
"520489329937108992","love these #religious centers and old museums. this was a #monastery restored and turned into aâ€¦ http://t.co/zMUX8K5gus"
"520489333971644416","Bapa Akronim Negara @NajibRazak #bajet2015"
"520489341681172480","http://t.co/ad3Ed2hMWb will never not be on my recently played. @KingKruleST #PortraitsInBlackAndBlue"
"520489371729162240","Whatever. Rant complete."
"520489375281729536","4:21 AM ğŸ‘ŒğŸ‘€âœ‹"
"520489383515136000","@XXL http://t.co/vE4gaHlrh1"
"520489383762599936","@mshoaib06 @MUEENASAD @SyedaShehlaRaza @BBhuttoZardari  SAMRAJI AGENT DICTATOR ZIA BAQIYAT JALD HEE UPNEE MAOUT AP MER JA-AIN GHAY."
"520489385398386688","r.i.p melissa love you so much ğŸ‘¼ğŸ’œ"
"520489388443459584","I WILL HAVE MY FREE DD  IT DONT WORK LIKE THAT IN MY WORLD"
"520489404146921473","â€˜Employers should make soft skills in school their businessâ€™  http://t.co/joefE4vVug"
"520489406965108737","https://t.co/XisxCiRcVV Managing a nightmare: How the CIA  watched to Gary Webb's destruction"
"520489421381312512","Goodmornight ğŸ˜ŠğŸ˜´"
"520489425684664320","the cab driver just told me to stop eating rice ğŸ™"
"520489452041670657","I don't give a fuck. I don't a fuck. I don't  I don't  I don't give a fuck"
"520489457930469376","You're still my 4am thoughts. ğŸ˜“"
"520489460677361664","Supplemental Health Care #Nursing #Job: NICU / RN (#Philadelphia  PA) http://t.co/VVsT5PWlrW #Jobs #TweetMyJobs"
"520489465291104256","pro tip: whenever someone makes a mean/sexist/racist joke tell them you don't understand  ask them to explain and then watch them burn"
"520489479816372224","@kirstensymone ğŸ‘€ğŸ‘€ Yeee"
"520489495104593920","@MeghanHulley unfortunately  I had an inkling... In the English version she kinda seems like a hoe. I should have told you ğŸ™ˆ"
"520489495691796480","Omg im too smacked"
"520489498338398208","lrt I Think I Wanna Pair Of These   &amp; The Pill !"
"520489501387681792","Came home cause I wanted to sleep.... yet I can't fall asleep."
"520489518122930178","If your tight at me I'll be a dick and act so nice to yu to piss yu off even more Lolll #latefukennitethought"
"520489520329146369","I'm reading Judges 16:15 http://t.co/FAZHqVUTnq via @Logos http://t.co/yHlw0722kz"
"520489529904734208","Bad part about always being overlooked is trying to continuously tell yourself youâ€™re worth it  to someoneâ€¦..whomever they are"
"520489532756471808",""@Colts: Coach Pagano is FIRED UP in this postgame victory speech! #INDvsHOU  WATCH: http://t.co/QypBkdKaYl" @mzAshF"
"520489542462480384","Choke on a sandwich #youredead"
"520489591871393792","@Briexo You need to cut that shit out."
"520489603040837632","@c0rruptx come back they on there way"
"520489619184709634","OMFGGGGGG I just watched Katy Perry live &amp; she just did the full on Rihanna pussy from WHYB choreography"
"520489627757858816","Should have stayed with Constance and Sam ğŸ˜©ğŸ˜­"
"520489631092314112","Amsterdam! | Next Friday (10/17) | @TWRK x @DJAlvaro x @ThePartysquad at The @PLEASE_DONTTELL ADE Party at @JimmyWoo http://t.co/z20PpnuaHo"
"520489639350923264","well i just had fried chicken and waffles ğŸ½ (@ Cafeteria in New York  NY) https://t.co/tFi2gtTIuV"
"520489653129195520","I'm going back to Cali....fuck New Yorkâ—ï¸ @ Burnside Avenue http://t.co/2tmuEUJrS3"
"520489656321060864","@mikewaxx http://t.co/vE4gaHlrh1"
"520489704836173824","#Healthcare #Job alert: Nursing Supervisor (Per... | Barnabas Health Behavioral Healt... | #TomsRiver  NJ http://t.co/vaA2bD0671"
"520489711614574592","@BMDC808 Yeah that's true too. Flamethrower keeps scizor awake at night lmfao"
"520489714546380800","@__chernova http://t.co/HvRJ3pG9DT"
"520489731818532864","@RAYCHIELOVESU lol me too"
"520489753335300096","Leave my heart open  but it stays right here empty for days"
"520489774680129536","OMFGGGGGG I just watched Katy Perry live &amp; she just did the full on Rihanna pussy pat from dance break in the WHYB choreography"
"520489776064241664","I'm never listening to a weather report again they're always so inaccurate and change literally 13 hours before so nice weather predicting."
"520489777796116480","TÃ¼rkBayraÄŸÄ±Åereftir ÅerefsizlerNeBilir DEF EDÄ°N OR COCUKLARINI SINIR DISI DEFOLUP GITSINLER PKKNIN ARTISTLÄ°ÄÄ° ASKERI VE IÅÄ°DI GÃ–RENE KADAR"
"520489778190778368","Tweeting like from the start of the Cody fam trip: my dad is still drunk from lastnight"
"520489781630083073","Sexy guy @JeremyMeeks__ http://t.co/Zq3oA2xnBP"
"520489784171835392","If you fly a tattered flag  I don't respect you"
"520489790668808192","ğŸ˜‚ The Table Just The Keep On Turning ğŸ”„ . ğŸ˜"
"520489838500655104","Les Filles etes vous tous comme Ã§a ?!ğŸ˜±ğŸ˜¨ğŸ˜° http://t.co/A8qzggDZ8p"
"520489842262949888","@jaayredd #legsoverchest #whoevensaysthat"
"520489849653313536","Is this Igor? http://t.co/RLtvmg36l4"
"520489867755929600","@JoshMoBro breakin these boundaries..... Mama done made me http://t.co/x7x0PeuODf"
"520489873934139393","ğŸ™ŠğŸ™ŠğŸ™Š"
"520489894318460928","Tweeting live from the start of the Cody fam trip: my dad is still drunk from lastnight"
"520489900911890432","It always comes down to the person you think about the most"
"520489919710777344","People are so funny."
"520489920201113600","Keke Palmer's nudes are all over my TL"
"520489932377567232","Some day.. http://t.co/ltKSckfkMG"
"520489936639000577","NICE "@RateMySelfShot: RT if you like her selfie! http://t.co/dWWd5avbC4""
"520489940837498880","We're starting strong"
"520489947040866304","if I have food poisoning I'm gonna be pissed af"
"520489965885857793","@PapaPandaaa blame Bryan lol"
"520489978221322240","I'm at MTA Subway - 51st St (6) - @nyctsubwayscoop in New York  NY https://t.co/6xkUrGtRtG"
"520489982323326976","@nnacrz LMFAO BITCH IM JUST LINDA DRUNK LMFAOOOO"
"520489990019899392","  ğŸ˜‚ im going to sleep"
"520490000354656256","I want nuggets ğŸ™ğŸ™ğŸ™"
"520490005186490369","Never felt like this before but we don't talk about it"
"520490026183184384","ğŸ˜©ğŸ˜©ğŸ˜©ğŸ˜©ğŸ˜©ğŸ˜©ğŸ˜©lmao I left my trick bag in the club."
"520490027596673024","I'm at Turtle Bay in New York  NY https://t.co/amfrudrwnd"
"520490035024379905","hahahah woi kira index KLCI dari 2009 mana aci #Bajet2015"
"520490045430448128","Up way too early. Guess that's what you get for sleeping all of the day before."
"520490054004002817","Also I think I spelled his name wrong"
"520490066645635072","I love this feeling http://t.co/oFzo0xmvJQ"
"520490077164957696","Ima Natural Flirt   Tht Shit Dont Be Intentional . ğŸ˜Œ"
"520490081623506944","I miss Nina ğŸ˜©ğŸ˜«"
"520490091060678656","#onthemove!!! Dress is available @belindabaidoo size are S M L XL #beedagelfashion #lace #africanprintâ€¦ http://t.co/beV34FIByl"
"520490106436984832","http://t.co/ulu8Th4mh4"
"520490128507015169","I got a busy day when i get off  and I don't think I'm ready for it"
"520490137101561857","GO NEW YORK *-* kxhdnehn"
"520490138032672768","@h258e546 @_UpdateNow_ shut up faggot"
"520490148132581376","JUICE"
"520490155002839040","Anyone else up on the fine morningğŸ˜…ğŸ˜’"
"520490159239081984","Townie said buy me a drink I said naw ğŸ’°ğŸ’°ğŸ‘¿"
"520490162137362432","4:30 a.m. cigg. Sounds splendid."
"520490170349813760","Tens of millions of dollars in airstrikes had no impact because key leaders fled after hearing ON NEWS REPORTS the strikes were coming. DUMB"
"520490189601640448","â€œ@ToughTycoon: @hammertime1009 growing pains.... Good Morning!â€good morning u ain't never lies kid"
"520490203656781824","ğŸ’µğŸ’µğŸ’¸ğŸ’¸ğŸ’¸ğŸ’µğŸ’µğŸ’µğŸ’µğŸ’µğŸ’µğŸ’µğŸ’µğŸ’¸ğŸ’¸ğŸ’¸ğŸ’¸ğŸ’¸ğŸ’¸ğŸ’¸ğŸ’¸ğŸ’¸ğŸ’¸ğŸ’¸"
"520490211584004096","I'm at TP2 - Todd Parker Training Programs - South in Penn Valley  PA https://t.co/sehYHTy6sb"
"520490218676555776","@ElCaribeRD eso no es nuevo q ivan  explote.es muy bueno.pero 1ro.no deja hablar y explota fÃ¡cil.eso hay q controlarlo ivan."
"520490227455242240","class at 9:00 in the morning why am I upğŸ˜£ğŸ˜£"
"520490229753335809","General Dynamics - AIS: Software Developer (#Columbia  MD) http://t.co/Daenwp4Keu #IT #VeteranJob #Job #Jobs #TweetMyJobs"
"520490234883358720","British games pioneer applies to create free school with lessons built using video gaming  http://t.co/Ak2rYYoP4a"
"520490269557682176","I'm at Sandman Express in Philadelphia  PA https://t.co/o6qxFgRvRl"
"520490277094817792","Besides I Gotta Enough Niggas I Run Wit  Im GOOD ğŸ’ª"
"520490300285128704","More like an after thought to mostâ€¦."
"520490301501489152","Ok "@RateMySelfShot: RT if you like her selfie! http://t.co/rchP2fzZpK""
"520490305729355776","Getting home at 4:30 again"
"520490330983239680","Stop putting that faggot on my TL"
"520490346896429056","KISS ME...with your mouth. https://t.co/NnSTytDHYS #StephenTinTinDuffy #UnderpantsDanceParty #RSA"
"520490363774328833","My bitch mode is on point at 4:30 am and the day hasn't even begun yet ... Don't tempt me right now ğŸ˜˜"
"520490365867290625","@JoshMoBro Goodnight Jawsch we will do battle when next we meet !!! http://t.co/IbXl1jW97o"
"520490375622848512","dah la kira sampai Julai 2014. cherrypick #KLCI #Bajet2015"
"520490377355460608","GM Gram Fam! #corepersonaltraining #trainharder #anaerobic #amsessions #aesthetics #nyc #progressionâ€¦ http://t.co/GcvQ80QGw0"
"520490380178251776","What is the future of local food?  http://t.co/7vMjAGWAxo"
"520490382887780352","Denied. Lol. @theironfox"
"520490414026260480","Please someone wake me up. At like 8:30 I have to work in a few hours"
"520490414680580096","Nah im like ya boy MCCoy ctfu"
"520490413267107840","Let's fuck dude http://t.co/ibMKiZjO44"
"520490426965721088","Early bird..."
"520490447253565440","@mikejbolger no she's a photographer ill message you"
"520490451758239745","Destiny child is bumpingggg in the #wtae Suv at 4:23am!"
"520490457634471936","http://t.co/B0jKRUv28a"
"520490464018173952","I have work in less than 6 hours ğŸ˜­ğŸ‘"
"520490477473517568","@christianjevans ill do that with some games but ill definitely download cod and gta digital"
"520490478731792384","http://t.co/LVvvX42O3h"
"520490492409430016","Who Up  What Yall Doing ?"
"520490492900151296","@itsROBWILL happy belated we're 10 days a part!"
"520490499011280896","Been up for 2 hours because aj snores"
"520490507584438272","Only thing i ingested today was diet coke n coffee #healthy"
"520490510461706240","@Cthulhus_Owner stop making me laugh I'm mad"
"520490544930504704","@tabatkins Thank you! /cc @adactio"
"520490543022104576","http://t.co/P3qmxYHnFi"
"520490548105576448","Need a MASSAGE! #WtfIsLife"
"520490550542491648","Even though it's pretty busted and it fucked my back up  I still love my bed"
"520490584889245696","Russell Wilson set to cash in off the field  too: An ascending Super Bowl champ at 25  Wilson could soon be the newâ€¦ http://t.co/5lmTlqNhCD"
"520490588849053697","@GirlSexting Damn!!!"
"520490589197185024","NOT BAD "@RateMySelfShot: RT if you like her selfie! http://t.co/CHqVQglMH7""
"520490597099253760","@TLakowsky lilbitch"
"520490605420376064","Plekanec  Canadiens top Capitals 2-1 in shootout: Plekanec tied the game with 9:29 left in regulationÂ Â Â Â Â Â Â Â  http://t.co/n0Ttsu7mvr"
"520490612265869312","I got t.i. To retweet me and nicki to fav me I am that nigga Idc"
"520490627515949056","Sporting facial hair in the locker room: Facial hair has become a growing trend among professional athletes.Â Â Â Â Â Â Â Â  http://t.co/1iJUy9yXLe"
"520490630754349056","I miss willy b ğŸ˜”"
"520490646532927488","Barry Switzer admits to covering up player charges: The former Oklahoma coach said they took care of minorâ€¦ http://t.co/Tj7Tqun3ct"
"520490646176415744","Mmmmmm http://t.co/PLxm6Enyv3"
"520490651230953472","y me tarde... la France je vous oublient pas &lt;3"
"520490665851887616","NBA warns 3-point 'goggles' will offend in Brazil: The celebration will need to take a seat as the Cavaliers andâ€¦ http://t.co/xRjF7WNfSn"
"520490678997233664","What's good in the movies this weekend"
"520490686647242752","AL Championship Series: Breaking down Orioles vs. Royals: Best-of-seven ALCS between the Orioles and Royals.Â Â Â Â Â Â Â Â  http://t.co/5QZeVriekQ"
"520490686957621248","http://t.co/qi0u6ZExi7"
"520490685515173888","I still believe this http://t.co/Afr2hewFCq"
"520490693782163457","Fuck!!!!! http://t.co/ck3LPBJIhe"
"520490718197202944","If anyone really cares call me a 347-525-1527 cus nigguh  have to be at work at 10 so woke me up at 8:30 because I need to shower"
"520490719145119744","Once again I'm up ğŸ˜´ğŸ‘Œ"
"520490740196315136","I'm pvpng in wod. Fuck raiders and their clique bullshit"
"520490741660135424","Finalment!! - El BarÃ§a s'adhereix al Pacte Nacional pel Dret a Decidir http://t.co/ALm5g50BlY"
"520490742046023680","@bflay @gzchef hey     you I just tried too send you an challage"
"520490742381568000","I wish I had foood. ğŸ˜©"
"520490749750968320","Cute http://t.co/IImbhUxIpr"
"520490791882739712","I miss running track"
"520490793245872128","GOOD GURL "@RateMySelfShot: RT if you like her selfie! http://t.co/XMG1k5PcVS""
"520490795091390464","I just need a bottle"
"520490815769309184","I had a nightmare ğŸ˜£ smh"
"520490820206858240","Never sleeping tonight ğŸ˜’"
"520490821427417088","https://t.co/CDiIEIYcRb"
"520490829186887680","Now i Love A #BadBitch ğŸ˜ I Love Females Doe ğŸ˜†"
"520490839957860352","I would like to think I can return to some of the people I cared about when I need advice or something but most of the time you cannot"
"520490846391894016","I am putting the clothes I'm wearing on from now cause I already know 7am wake up is gonna be a shit show"
"520490849491517440","@Balenci01 you jus wanna be smart"
"520490857016094720","@CrimDollaClee lmaooo aww thanks ğŸ˜Œ"
"520490866230972416","@Cthulhus_Owner you need a Halloween pic yo"
"520490880609026048","I'm at CVS/Pharmacy - @cvs_extra in New York  NY https://t.co/RUB314FhM6"
"520490890075574272","NIGGAS Aint neva Up Wen i Get Off"
"520490897193316352","@NateMurdoch  Totally agree ğŸ‘ğŸ‘!! We'll said !! http://t.co/W6o83igzHg"
"520490918542331904","Yoga - barn for a lesson (at @AnytimeFitness in Hamburg  PA) https://t.co/VaBAj1rhqf"
"520490927153250304","Might dye my hair white. Hmmm."
"520490932492189696","What was the city of United States with the largest number of Trends on Thursday 9? http://t.co/5y5c2vMSsT #trndnl"
"520490937295077376","It's so precious that no matter how deep asleep amber is  as soon as I say I love you she briefly wakes up and responds she loves me more ğŸ˜"
"520490953430540290","@SPAstef_ @google that is just one article. Trust me  I love my Google Nexus 5 &amp; Nexus 7 but there are more THINGS Siri can do. Not just Q's"
"520490956517548032","If I get 50 RTs I will post my trogpite dick pic parody dick pic @TROGPITE"
"520490986896887808","In case you're wondering I'm extremely angry yay ğŸ‘ğŸ‘ğŸ‘ğŸ‘ğŸ‘"
"520491002508083200","Turns me on all the time http://t.co/0aMoaKW6jr"
"520491013765627904","@JoshMoBro http://t.co/ikzCitC1n8"
"520491015661453312","@Britt_Ghiroli GM. Trying to get clarification on possible rain delay or rainout for tonights game. Conflicting reports: MLB vs. O's text."
"520491022946955264","I be scared to go back to sleepğŸ˜­"
"520491023516987392","As it was John Lennon's birthday yesterday #regram @ Strawberry Fields  Central Park http://t.co/ZOsBREtqh6"
"520491036104470528","@ShadowTodd Is it still a thing? I only hear about it from your tweets &gt;_&gt;"
"520491047525560320","As it was John Lennon's birthday yesterday #regram @ Strawberry Fields  Central Park http://t.co/x6tW7cfesX"
"520491065346756608","Catch both of us at #actionafterhours Monday! #djs night out djhannah_ #allgonepetetong #outputâ€¦ http://t.co/d9pwATair2"
"520491067725348864","It's 430 AM and I'm looking up lip and nose job prices #wishiwasrich"
"520491068576759808","Is there honestly and seriously a fire drill going on right now"
"520491073877983232","The shortest Trends on Thursday 9 in Washington had only 4 characters long: http://t.co/EtbOrsOx0z #trndnl"
"520491084431233024","Fried !!"
"520491093323186176","The deadly part of knowing what you want and everything is in arms reach then that feeling not being reciprocated  everything falls apart"
"520491094745047040","Babe is now back on day crew ğŸ˜„"
"520491099862081536","He run away from the hole i run in the hole ctfuu"
"520491102370295808","I'm so cold my nipples are standing up. I know tmi but idgafâœ‹"
"520491104798777345","@Balenci01 what"
"520491103003615232","http://t.co/pRRMsLXQOO"
"520491116215697409","http://t.co/IHdfFNYM0y"
"520491139913490432","I love Chris man."
"520491140920131584","@RAYCHIELOVESU lol u are deff invited then"
"520491146783756288","http://t.co/rdiscakzw7"
"520491165356138496","FINALLY in bed time to ğŸ˜´ğŸ˜´ğŸ˜´ğŸ˜´"
"520491165456793600","http://t.co/swcJPDcVOs"
"520491182510845952","http://t.co/APyduBBqiq"
"520491190987137024","This is my cell phone. I have used it for 4 years. Now I'd like to change a new one. but I swing between Sony &amp; Apple http://t.co/XaY2AevK22"
"520491192450965504","GST RT @econsmalaysia: #Budget2015 Indirect taxation to jump to RM23b"
"520491194376519680","Working 6-2 today ğŸ˜Š"
"520491202819661824","ce soir U.S.A - Angletterre - France ..."
"520491204631224320","It's just draging on ğŸ˜’ğŸ˜©"
"520491208268079104","Wow! http://t.co/wRojt9Cmgd"
"520491238685171712","Good Luck to the Sportsmen and women this season.  Keep in mind ... Food Plots are a Valuable asset. A GREAT equalizer for data. Try one."
"520491252761260032","Huge http://t.co/qQq17CibE3"
"520491271270326274","#Transportation #Job alert: Get More Home Time - Top P... | Shaffer Trucking | #Wilmington  DE http://t.co/gMBHyVT923 #VeteranJob"
"520491274168983552","My bed has to be set up a certain way then I'm going to sleep.*"
"520491277922893824","Left my headphones at home ğŸ˜’"
"520491284667326465","http://t.co/nMHM9Q1mBl"
"520491296796839936","Can't even sleep when I get off"
"520491297837420544","Stress free. Mind in the clouds right now"
"520491298524893184","@niwazekisho Nice"
"520491307677282304","@wtfnlynn god bless you for getting through all 350 seconds of it! PS I miss you and making choreo with you ğŸ˜­ #feelingnostalgic"
"520491317819088896","Ugh SOA is way too good."
"520491321447153664","â€œ@DMVKAI: You rub my back when we cuddling then we fuckinâ€ I do this to relax a nigga specially if he had a long day"
"520491326421630976","HER SKINNY ASS CAN GET IT "@RateMySelfShot: RT if you like her selfie! http://t.co/qMvDRitAUQ""
"520491324349640704","http://t.co/PDkGBdpzbu"
"520491338614456321","@AddyMonique Indeedâ€¦"
"520491360139632640","If you're not living then you're dead already"
"520491369375096832","Pandora be fuckin up"
"520491374613762048","School as soon as I get off"
"520491380679127040","â˜ï¸ â˜ï¸ â˜ï¸"
"520491381400551424","@jaayredd @aynikko @IvanJaay @_andookie I'm sleep doe."
"520491390959366144","Lol http://t.co/tNIFMedCQA"
"520491403022184448","Good night"
"520491413994479616","I'm an upbeat person but I have spells Of morbid tweets when I reflect. Don't be alarmed"
"520491422076919809","http://t.co/D9uBCMzv1L"
"520491430561599488","Then back to work after school"
"520491471515156480","Not my fault if you identify yourself as a nigger  white trash  chink  spick  or any other derogatory term."
"520491478674464769","The beard is looking on point."
"520491482986590208","Who else just woke up for no reason like  tf"
"520491483552837632","went to sleep way too early"
"520491493430403072","Lmao some peoples snaps ğŸ˜‚"
"520491503509315584","@Cthulhus_Owner works for me"
"520491509570101248","Hot colombian guy http://t.co/Pz75AlCt8B"
"520491519091179520","@kelleesq hi5 4th floor"
"520491527945330688","Why do I hear trains? Lijeeeee"
"520491534685196289","Selena Gomez ğŸ˜ğŸ˜ğŸ˜"
"520491542159835136","@hellomag  I'm going to perform for @madonna wearing her @materialgirl clothes at @HCFToronto Nov 11th follow them thanks hugs peace"
"520491567799607296","http://t.co/iD9s0HtxvO"
"520491576058208256","Early morning coffe. #relaxing (@ K Street in Washington  D.C.) https://t.co/F7nSYMFO7S"
"520491586384592896","@CBCStephenQuinn That was at concourse of Times Sq subway. She loves playing underground not just in  clubs"
"520491598342537216","R8 is ghetto goth themed  it's official."
"520491626477940736","Wow way too early to babysitğŸ˜‘"
"520491640302362624","That's how you can tell if I'm fucking with a guy consistently or not I will most likely have tips to scratch their back"
"520491655284396032","ran into @pjbaldes in DC last night!"
"520491662917660672","KLCI- Worst performer YTD @najibrazak #Bajet2015 http://t.co/Xj5TriUKyz"
"520491668437762048","I'm sleepy"
"520491672325865472","actually had a full 7 hours of sleep ğŸ˜³"
"520491695637803009","In the boob for an hour then doesn't want it ğŸ˜’"
"520491706073247744","The #GOSPELoftheLordJesusChrist: Blessed are they which are persecuted for righteousness' sake: for theirs is the kingdom of heaven.Matt5:10"
"520491721587957760","Hasta Que Termine ğŸ’†ğŸ™†ğŸ‘‘"
"520491728902828032","Fuck outta here dick head"
"520491749677228032","@CBCStephenQuinn http://t.co/leHgg4s8BB"
"520491757667381249","You pick up the pieces and put it together  but thereâ€™s a void thatâ€™s empty. That reserved space you want no one else to have"
"520491784582205440","I don't have tips right now nor a manicure"
"520491793797103616","@lylabutterfly1 @InkAndChicks yo quiero darte lengua tanbien"
"520491814307254272","24 hour shop is beyond clutch"
"520491848121737216","Next on the list is Matt Smith's "I am Not A Common Man"...but sadly YT has wasted time &amp; stress removing that one.  Maybe next time!"
"520491861841285120","butterscotch candy so flight #ğŸ‘´"
"520491870380904448","She can get it "@RateMySelfShot: RT if you like her selfie! http://t.co/3BvJiQxc94""
"520491888475140096","oÃ¹ je suis il est 4h du matin"
"520491903012593664","Watch out! Whale flapping http://t.co/rY8zgfmNFL"
"520491937338777601","ğŸ‘€"
"520491938202415105","Tag a Friend That Would Want To See The Old " Glow Lounge " Fully Renovated. Tell Us What You Thinkâ€¦ http://t.co/gthqk9Zwfr"
"520491988567994368","Yes sir"
"520491994620395520","#NoSelfies #TheLox   Video: The L.O.X. - No Selfies http://t.co/R9DIAWjP7o via @worldstar"
"520492043559501824","Mannnnnn I FUCKING RUN THIS MADDEN SHIT DAWG!!!"
"520492046768156672","Feeling lucky tonight"
"520492050236858368","These anons need to stop being pussies and just fucking talk to me"
"520492056037568512","I think he's fucking sexy http://t.co/R4m81vw6ol"
"520492079311781888","@NoOtherSadiee stay flickin ya tongue on a snap ğŸ˜‚ğŸ˜‚ğŸ˜‚.. I be dying"
"520492105211584512","@Sir_MikhailW Razer blackshark. You'll feel like a helicopter pilot. I love it"
"520492120923451392","At least I know if I had production I'd be fully awake."
"520492130419343360","NICE TITS "@RateMySelfShot: RT if you like her selfie! http://t.co/dZRymduVlB""
"520492162270908416","http://t.co/aVHk77UBev"
"520492167379558400","He's sleeping again time to ko ğŸ˜˜ğŸ˜˜"
"520492179442388992","We Can't Date If: http://t.co/zdC2YiUEuM"
"520492181082374145","I'm at Starbucks in New York  NY https://t.co/Mk3MGQmdiw"
"520492191035428864","Anxiety attack in VA waddup!"
"520492190855094272","Gimme a mo to have a listen and enjoy it myself...brb. #MattSmith #AmericanPsycho"
"520492204918571008","Currently in New Jersey"
"520492205266698242","#holiday #Sukkot #sukkah #stainedglass #hebrew #Judaism #greatneck #ny #shalosh #regalim @ Great Neck â€¦ http://t.co/iIGACKODPk"
"520492206399176704","@mattyness10 @LifeFacts aww I love you â™¡"
"520492207254798336","The crime rate in my area is directly related related to the minority population"
"520492235289538562","Y'a des gars ils parlent avec toutes les meufs de la mÃªme faÃ§ons  vs dÃ©goÃ»tez."
"520492241115414528","Fuck!!!! http://t.co/gvhnT8GSOQ"
"520492242600230912","@YungLordGod ouch ğŸ˜•"
"520492267946393600","I leave in 12 hours. Still haven't packed. Whoops"
"520492294844481536","He needs to be stopped ğŸ˜‚ğŸ˜­ http://t.co/Yf886WX8WY"
"520492295175819266","Woo it's COLD up here! I'm loving it!"
"520492305166262273","å°é¢¨ãŒããŸã‚‰ãŠã—ãˆã¦ãã ã•ã„"
"520492335835402240","Popped up at 4am...Wtf"
"520492345486475264","But you speaking englis...nvm @slimreezy: Oyibo people do "Eeeew" Nigerian people start doing ""Eeeeeew". You people are slaves forever.â€"
"520492353321467904","Who's up for sucking? http://t.co/UEfOMQTnry"
"520492376662769665","THOSE FUCKING LYRICS IN MY 2 LRT's OMFGGGGGGGGGFJSIEJDUSHDJDJDIIRJEJRJWUBDNXIEJDHBHOXOXHOXHOSGYPEGISSKHSHOOHDODU"
"520492415937835008","ğŸˆ                                              ğŸƒ"
"520492446333935616","Genetic Counselor - Genetic Council Servic... - Monmouth Medical Center: (#LongBranch  NJ) http://t.co/4b18duGcDC #Healthcare #Job"
"520492446627926016","http://t.co/S5wtmCnq7V OMGOSH ITS YODA! &amp; other awe-maze-zing creatures"
"520492455637307393","When your best ain't good enough ..."
"520492457931571200","Stoner thoughts .."
"520492461073104896","The call out claims of @CHOBITCOIN and @battlefieldtrip were being unfairly scrutinized w/r/t the way you dismissed them. Did you speak to.."
"520492470271238144","Why can't I ever sleep"
"520492471898619904","OH MY "@RateMySelfShot: RT if you like her selfie! http://t.co/qt3bF0bRyl""
"520492479691624448","LIQUOR TO A DAMN FLAME ğŸ˜©ğŸ˜©ğŸ˜©ğŸ˜©ğŸ˜©ğŸ˜©ğŸ˜©ğŸ˜©ğŸ˜©"
"520492482375987200","CAME BACK DOWN 13-3 IN THE 4TH TO CLUTCH THAT SHIT ON A 10 PLAY 81 YARD DRIVE WITH NO TIME LEFT!!!"
"520492513132810240","@taylorswift13 Every Moment Infinite times God Damn @NeilDiamond   @JohnCleese since 0 until forever..."
"520492526336487424","@QueenKeiko_ he too hollywood now. when that nigga actually gets an award or something then ill unblock him. tuh. :'((("
"520492527716413440","Kobe still has it"
"520492538701295616","Fuckkkkk"
"520492543239151616","Midterms can blow me"
"520492554547384320","ACID IN MY FUCKING VEINSğŸ˜©ğŸ˜©ğŸ˜©ğŸ˜©ğŸ˜©ğŸ˜©ğŸ‘»c sksnksiendncujendndndhsj"
"520492569240039424",".@LadyFuzztail ... others we both knew who ALSO knew people hurt/abused by Devi Ever? We have mutual friends affected by Devi's abuse."
"520492580019392512","Shut the fuck up and get out of my office"
"520492587254546432","dans 3 heure je repart et je part pour l'Angleterre I'm sad  the France I miss  I miss my girlfriend... &lt;3 @Baby_belaudwife"
"520492592983965696","FUCK YEAH BOY AND I ONLY HAD 1 TIMEOUT LET'S FUCKING GO!!"
"520492620070789120","Hannnnnnn nigga I'm so happy #mybfdrugsmydrugzzzz http://t.co/xGNWbtxfuM"
"520492625305276416","@RAYCHIELOVESU lol u should have snapchat just for that so if someone asks thr stupidity u cn send them a short vid like told you dumbass"
"520492652568281088","RMFT â€œ@JaeMichelleee: Just know I'm not like the rest and I never will be ğŸ’¯â€"
"520492657622405120","Just woke up out of no where"
"520492660172537856","five a.m. walkies"
"520492678476488704","U might feel like nothing was the same"
"520492707383226368","espiorob @ #MIAMINICE2014 http://t.co/RweZuuIPT4"
"520492710277709825","ole boy need special help"
"520492709883432960","Wow let's fuck dude http://t.co/ySuzZCp3Iw"
"520492717680234497","#Healthcare #Job in #nearArdsley  NY: Part-time assignment for a SLP near Ardsley  NY at Soliant Health http://t.co/7I6Cc8MZU8"
"520492742817112064","@FEELINIRHI just judging by Rih's outfits in the past year"
"520492746016956416","Just posted a photo @ Newark Liberty International Airport http://t.co/BAFxLxOx13"
"520492754053263360","Going to just lay down till the wake us up"
"520492773624254464","Nah shoot i might need you to be chip"
"520492781664731136","How am I gonna make it through work with canceling people out"
"520492784370089984","is there a way to download whole soundcloud playlist on firefox? i know bout that soundcloud download plugin game but need playlist addon"
"520492799704440832","what I look for in my ideal mate is that ur not a fuckin pussy and don't have to be anonymous to ask me this shit http://t.co/HyzkS28C7c"
"520492805949779969","YAAAAY TGIF! (@ FedEx - Hangar 6 in Jamaica  NY) https://t.co/89jvUjh70o"
"520492852808536064","OH YEAH "@RateMySelfShot: RT if you like her selfie! http://t.co/kcEOlm4E2s""
"520492860614119424","Hungry as shit"
"520492870441385984","She's live in Washington County @ 430! @courtneyWTAE reporting on the disturbing child abuse case in Avella. http://t.co/rhY7ZGTqU3"
"520492882038648832","@Sour_Amaretto__ ğŸ˜© I know"
"520492895414259712","@christianjevans i do the same thang. thats wack tho  no demos...smh everything is a money grab"
"520492910069153792","@_Chiwaiian Lmao stfu !"
"520492928326971392","4 the love of god I just don't understand"
"520492930881318912","@carochoi @AlleyNYCEvents thanks so much for helping out. You guys were awesome."
"520492945921679360","potongan cukai untuk terbitan sukuk berasas prinsip ijarah &amp; wakalah. more tax cuts for corporate sector #bajet2015"
"520492948245733376","je dois vous cassez les pieds"
"520492951164973056","â€œ@SpliffMeister: I feel good ğŸ‘½â€"
"520492960778309632","Just wanna get my day over with already so I can see my cat tomorrow ğŸ˜»"
"520492967489175553","I just wanna be in my bed ğŸ˜‘"
"520492968365817857","butâ˜•ï¸ğŸ¸"
"520492999319371776","@seamusdever @ole_grandpa Granny says she hopes 2 see her family when the British come!!! #Castle"
"520493013555220480","@QueenKeiko_ *just smiles and sings* its twoooooooo AAAAAAAAA EMMMMMMMM. :'(((((((("
"520493029199994880","@Sir_MikhailW get  a $15 Logitech headset"
"520493029619404800","The song is definitely called Heat or Pray 4 Me"
"520493061743587328","Bruh 10 play 81 yards drive in 1:42 seconds with only 1 timeout  thank you God."
"520493076494966784","I enjoyed the film &amp; REALLY enjoyed the book  but I was dead against the American Psycho musical...leave it 2 Matt Smith to take care of biz"
"520493079510659072","#LOL "life imitates art" #demon #oldman #samelook #Austinpublic #foresthills #austinstreet #Halloweenâ€¦ http://t.co/nBUeJr19Mg"
"520493087525974017","@Sir_MikhailW nah but them pink krakens oml"
"520493091405713408","The US is quietly fighting China's plan to create an Asian Development Bank rival http://t.co/6Q7bCa6tPe Australia &amp; South Korea won't join?"
"520493113320943616","#Aries are really good friends and they will stand by you no matter what."
"520493125463470080","The Hepatitis C Escalation: Baby Boomer Ripple Effects | New at Absolutely Maybe @sciamblogs http://t.co/Kze9KIr6gC #HepC #Sovaldi"
"520493132220497920","Remembering  Christopher Reeve (1952-2004) #flipagram made with flipagram @ Terminal 5 http://t.co/3B1KY1b9aj"
"520493132396650496","Inverted Fall @ Studio in The Cloud http://t.co/PWrHS77VTn"
"520493146011344896","@aggressivexdoge I typed a fuckin novel but ur right I should have said shaq"
"520493193272766464","@WillyBraun @DomitienAW triste? C'est plutot une good news pourtant."
"520493202806407168","I agree w/ the idea that you should be suspect  @LadyFuzztail . But u did so by attacking their character  not their claims. Big difference."
"520493209039175680","walking home with the real"
"520493217557803008","You're not boring I just suck at conversations I'm sorry: A novel"
"520493229331193856","YOUR MOM SENT ME THIS TODAY "@RateMySelfShot: RT if you like her selfie! http://t.co/72Z5ywOMbW""
"520493241020739584","Time to head home. EWR âœˆ DTW. (@ Newark Liberty International Airport (EWR) in Newark  NJ) https://t.co/H9qxDKNPqj http://t.co/6lSsBRAKyK"
"520493244086759424","before my meds I get into this mood I dont get it and its every morning god have mercy on me I'm so sick"
"520493248813744129","Early mornings"
"520493275057508352","ool who0 ass can i eat http://t.co/J8asvVk37b"
"520493275539857409","@JaeMichelleee ğŸ˜»"
"520493282657198080","ğŸ˜´ RT @501Awani: Pelabur individu diberi pengecualian cukai pendapatan selama tiga tahun berturut-turut #Bajet2015"
"520493284469522432",""Seven minutes in the wrong key. It rocked." So great to be reunited with @deathtoazula."
"520493290089488386","Early morning glory @ Union Station  Washington D.C. http://t.co/HNBZ19Ekjp"
"520493304522498048","Bruhhhhhhhhhhhhhh"
"520493305046786048","A 16h jvais bouger  jvais aller faire les magasins  capter quelqu'un &amp; aprÃ¨s je rentre."
"520493305474605056","@StateDept @USNATO @UN @WorldBank #NorthAtlanticTerroristOrganization #Gladio #BolognaMassacre #Oktoberfestattentat"
"520493308959662080","Gerry Visco and her new friend lucasp717 at @_ginatron book launch @thesilentbarn @ The Silent Barn http://t.co/diVgwYvtfX"
"520493320729264128","But anyway work it is people"
"520493326257385472","4:31....en France il dois Ãªtre l'aprÃ¨m"
"520493327725383680","â€œ@G5DeeDee: Mookie fighting... She gotta be up at 6â€salt"
"520493342237667328","People search for someone that makes them whole  the goal is to find someone that reminds you you are complet"
"520493343391088640","@foodftmiley Ã¶mer 16 istanbul ndsoapresmklf"
"520493342787121152","Tristan il est amoureux de violette."
"520493351813263360","What a GREAT belated birthday celebration tonight at Tamar's parents' house in honor of both their bdays. LOVE... https://t.co/BQ0WUIP1b8"
"520493363515383808","@QueenKeiko_ IM TURNT UHPPPPP IN DHIZ BITCH!!! YASSSSSSSSSSSDJDJDJDJDKDKDKSSK!!!"
"520493375720808448","I'm leaving in three hours in England .. and after I returned to France &lt;3"
"520493386588229632","@statedeptspook @StateDept @UN @WorldBank #NorthAtlanticTerroristOrganization #Gladio #BolognaMassacre #Oktoberfestattentat"
"520493396671356928","Fuck this having to be at work at 5am shit lol"
"520493421128339456","Got munchies?"
"520493424043364352","cant trust these hoes."
"520493427222675456","@louischarlesdep @StateDept @UN @WorldBank #NorthAtlanticTerroristOrganization #Gladio #BolognaMassacre #Oktoberfestattentat"
"520493430536151040","Michael Kors? Kiehls?... Why is there a mother lovin Victoria's Secret in this terminal?! See y'all in a few... https://t.co/7YwjjvTggj"
"520493445920849920",".@CHOBITCOIN @battlefieldtrip and @LadyFuzztail is completely dismissing them w/o investigating the claims themselves. Misusing gaslight FYI"
"520493462693482496","Macy's Seasonal Fragrance Specialist - Toms River  NJ - Ocean Co... - (#TomsRiver  NJ) http://t.co/RpFiKmmCg4 #Sales #makeup #Job"
"520493461527859200","I'm at @LAFitness in Staten Island  NY https://t.co/sm3hI7PlVI"
"520493486588837888","its like even when i fall asleep at 1230 i still wake up and am awake for 4am..."
"520493490602782720","@USNATO #NorthAtlanticTerroristOrganization #Gladio #BolognaMassacre #Oktoberfestattentat"
"520493496059572225","Finally home and I can't get into my own house. I don't want to wake anyone up"
"520493498005745664","i only wish.... https://t.co/J0hej9lPS8"
"520493499083677697",""money bring bitches" 2pac #AllEyesOnMe"
"520493500081926144","No matter what you say or what you do When Iâ€™m alone  Iâ€™d rather be with you Fuck these other niggas  Iâ€™ll be right by your side Till 3005"
"520493538086510592","I seriously get  nothin. No nothin. Feeling really lonely."
"520493568574504961","By denisemasino via repostwhiz app: Compression Socks! (#RepostWhiz app) @ Dunkin Donuts http://t.co/FvfYYJ5gOP"
"520493569141125120","tonight kinda sucked?"
"520493573066985472","#gn para lo k se ban a dormir ahora y #gm para lo k ba camino a su trabajo como yo con la gracias dâ€¦ http://t.co/UePyKcdz2a"
"520493581241696256","@NATO_DefCollege #NorthAtlanticTerroristOrganization #Gladio #BolognaMassacre #Oktoberfestattentat"
"520493594071687168","I be playing like I dnt got a 10am on Fridays"
"520493598874533889","J'veux aller a Disney pour NoÃ«l."
"520493602636840960","Got the club going up on a Thursday......"
"520493603492478976","this is wat i need http://t.co/h2IG6nmNub"
"520493610912215040","@Frank_Beee @loomingrass listening to @radiohead ....not 4am music"
"520493615643369472","I mean C'mon!!!!"
"520493627785887744","â€œ@shamira___: Yooooo im freeeezzziiinnggâ€word !"
"520493642075877376","LIFE is crazy"
"520493667103305728","new yorkers are so mean :("
"520493670085459968","This Book is Hot!.Hot! Hot! #Lulu #Amazon #BN #lowpriceEbook http://t.co/JOL73CUNXZ"
"520493674854371328","Ahahaha the irony"
"520493677320601602","It's not a "top"  it's a fuckin shirt.  Stupid bitch"
"520493687814766592","I gotta sale up in 2 and a half hours WHY CANT I SLEEP"
"520493698262781952",""Linden" dans Zelda y'a une ville qui s'appelle comme Ã§a :''')"
"520493706059583491","Going to just lay down till they wake us up"
"520493719196549120","I hate having bad dreams"
"520493723327934464","I plan on being jiggle free by 2015."
"520493736938459136","Going to bed ğŸ˜´âœŒï¸"
"520493761735184384","@annaclendening Good Morning ;)"
"520493777828708352","@BOY_MISHKA never going out again tbh"
"520493784141135872","All I ever wanted to be was a Mason. @BarackObama"
"520493802348621824","I gotta wake up in 2 and a half hours WHY CANT I SLEEP"
"520493825664757760","I'm at Citigroup Center in New York  NY https://t.co/yfwR9xZBsu"
"520493827371847680","Wild fucking night"
"520493844069380097","Indeed  turtlenecks do that  indeed."
"520493844476211200","Validation isnâ€™t seeked  but reminded  inclined and entrusted"
"520493862184574976","Something streaming got 68 strange coins! @alfeezus"
"520493878814982144","â€œ@omgrelatabIe: Kinda wanna be 21 Kinda wanna be 6.â€"
"520493904094035968","What a GREAT belated birthday celebration tonight at Tamar's parents' house in honor of both their bdays. LOVE these Family Nights! ğŸ’ğŸ’•"
"520493909840240641","Rawr"
"520493951686434816","6. Keke Palmer 7. Luhan 8. JJ Watt 9. The Weeknd 10. Halloween  2014/10/10 03:32 CDT #trndnl http://t.co/lcaeh6tWOl"
"520493953322201088","1. #CheeseSongs 2. #ProudOfCameron 3. #shawshooting 4. #ifChoiSiwonistheCEOofSM 5. #alwayssupportluhan  2014/10/10 03:32 CDT"
"520493971899158528","Why is Valeria so on point right now ğŸ˜"
"520493978450665472","Up to speed on all tv that matters #Gotham #SupernaturaI #SouthPark"
"520494001040809985","more highways! more tolled roads! #Bajet2015 DASH  Lebuhraya Pantai Barat  Lebuhraya Lingkaran Luar Kuala Lumpur etc"
"520494001137655808","@30SECONDSTOMARS When are you all coming to Philadelphia? #MARSinPhiladelphia #MARSinPhilly #DoOrDie @ShannonLeto @tomofromearth @JaredLeto"
"520494019307405312","All I have to do is smile i know it kills you â˜ºï¸"
"520494026068623360","This str8 fire set @Kahnbristol &amp; Neek @reconstrvct 2 Year birthday last summer. my fav @TectonicPinch tune n there http://t.co/VNshR8xBR5"
"520494048373932032","Pissed off my other nose ring fell out and closed fml"
"520494082679119872","Late night got me upppp ğŸ˜"
"520494098541989888","@MikeyReaves11 Mikey I'm a fucking mess."
"520494102614646784","This is going to be the best-smelling #Frieze week yet: the #HelmutLang fragrances are back in shops today. Run!! http://t.co/So6hca82GT"
"520494103168315392","@BOY_MISHKA yes hurry!!! I'll be in FL in December as well"
"520494110055337984","Thanks!  @JuneStoyer @FerdinandFelix @CarolAnnB @LeeAnnHolmberg @justcoachit @UBtalkin"
"520494116275486720","i wanna eat sum pussyğŸ˜œğŸ˜ğŸ˜› http://t.co/Tgly49908H"
"520494126316285952","Crete Carrier #Transportation #Job: Top Pay Over the Road Truck Driving Jobs (#Trenton  NJ) http://t.co/AQB9N2usM2 #VeteranJob"
"520494130393522176","Note: "[her survivor] is mendacious by mocking trans-inclusiveness." This is shitty but does NOT counter abuse claims AT ALL! @LadyFuzztail"
"520494132872376320","Wow. Now I feel like shit I wasn't able to help. ğŸ˜”ğŸ˜©ğŸ˜¡"
"520494156494680064","Shit gets me heated"
"520494179936641025","fmoi @monolo_shakur"
"520494189134753792","I haven't slept at night since Monday night... Yeah I'm ready for my grandma to come home."
"520494200547454976","@odiolasgalletas @TheRealTank http://t.co/ws1tqh6pLA"
"520494207124135936","@_Rihgasms I think it should be 7 Grammys  13 number one singles  2 icon awards  7 top ten albums  a lipstick line&amp; fragrances 4 both sexesğŸ˜Š"
"520494218369069057","Demek ki sorun adamda. @ntv"
"520494252862615553","â€œ@GuyCodes: I. Need. This. http://t.co/BLt8MASJGDâ€ ğŸª's &amp; ğŸ±'s."
"520494272836288512","@Briexo Clean up then. It's not gonna do you any good if you're a mess."
"520494273121505280","http://t.co/OkVx8k1Q1x"
"520494282906800128","up again"
"520494293044436992","sleep  what's that?"
"520494298446692352","I'm so jealous it's not okay.  #UglyTruth"
"520494318482911232","GOT DAYUM "@MAXXX_GORDITAS: Jajajaja yo me acabo de inventar mi #MartesDeCulos http://t.co/xRESItjNhl""
"520494321691533312","Iron Che;&gt;TEN!!! http://t.co/oRYUFXW2Lk"
"520494325965541376","I honeslry don't even feel like sleeping"
"520494333985054720","McDonald's a have a nigga shittingğŸ˜‚ğŸ˜‚ğŸ˜‚ğŸ˜‚ğŸ’€"
"520494343577427968","@monolo__"
"520494349646188545","adakah @azminali akan meluluskan pembinaan lebuhraya DASH di Selangor? ğŸ˜Š"
"520494354230968320","I over exert certain things because doing the norm was never me. Words hold weight but actions are heavier"
"520494369674383360","Converted a 4th and 16 and a 4th and 17 on the previous drive to even make all this shit possible man God was on my side today."
"520494385088450560","L.I.F.E !"
"520494399642697728","@KREAYSHAWN what the fuck kreay"
"520494426381381632","@monolo_ yo"
"520494437517230080","Look at me ğŸ˜˜ğŸ˜˜ğŸ˜˜ğŸ˜»ğŸ˜» http://t.co/ZcWtuwj6ts"
"520494437525622784","Look at me ğŸ˜˜ğŸ˜˜ğŸ˜˜ğŸ˜»ğŸ˜» http://t.co/Kf4ikhu0xz"
"520494453782765568","Your entire dismissal of their experiences is flawed &amp; damaging @LadyFuzztail . You should have step back  talked to others. Sorry  but no."
"520494461902934016","Really people are gonna protest when a police officer shoots someone who shot at the officer 3x before the cop shot back #shawshooting"
"520494470584745985","WOW "@MAXXX_GORDITAS: Bueno bueno dejemos las confesiones y pasemos a l que de verdad nos interesa. http://t.co/CEJjG8MayV""
"520494476318752768","I usually search the book out &amp; re-read it...but I have no doubts  I will only see Matt Smith as Patrick Bateman until I do. #AmericaPsycho"
"520494483939819520","Why tf is ya boy rn..."
"520494504663871488","@_monolo"
"520494580689801217","@__monolo"
"520494618480488448","Will the tarp come off for game one of the #alcs2014? Story this AM on #gmm2 @ABC2NEWS http://t.co/WKhvxmnGyi"
"520494640852893696","I can't wait to get my fall nails done ğŸ˜ŠğŸ’…"
"520494672696049665","http://t.co/lRIdJsHGWo olive &amp; white is such a perfect fall combo."
"520494675644669952","-@NICKIMINAJ 11.24 #ThePinkprint http://t.co/EO9BXPvtu0"
"520494680199684096","@QueenKeiko_  ugh. ahviteeeeee. *rolls eyes* lmfaockdjsjfm. http://t.co/6lfalCscW0"
"520494685677445120","Lmfao I'm beyond dead media"
"520494691478163456","I'm so humble so real so ride or die the perfect team player I never get jealous no competition just brotherly love"
"520494694607110144","I like to be coached alittle"
"520494706393112576","@tneeva Me too!  See you there!  And thx for the RT yesterday!"
"520494717352812544","@shawtyxstyles @viki_swagger @DameDestiny @majestiari Ja teÅ¼ :)"
"520494734960496640","@donaldglover spits that real shit that cuts you deep in the places you try to hide"
"520494745840537600","NO PANTY ACTION "@pwrstrangelove: http://t.co/9WmojKN9PO""
"520494750303268864","Level 151 http://t.co/56fcVsPSQV"
"520494754187206656","Julia and i both randomly woke up in the middle of the night/ morning #soulmates ğŸ˜"
"520494770322305024","harap-harap @najibrazak tambah peruntukan pembinaan jalan untuk rakyat Sabah. tak perlu kutip derma lagi dah #PitasRoad #Bajet2015"
"520494770603696128","@Zennistrad Definitely read through my reply tweets and/or DM me. Fuzztail banned me after making these tweets  FYI. LOT more to this story."
"520494773250318336","The dude I played choked  ain't no other way around it  sitting around in them zones not gonna get you victories when people start wising up"
"520494776245026816","Kto nie poszedÅ‚ dzisiaj do szkoÅ‚y"
"520494777725247488","Did you know that 'Tate' was Trending Topic on Thursday 9 for 9 hours in Harrisburg? http://t.co/d9MYWN2kr2 #trndnl"
"520494782158999552","Why tf is ya boy up rn..."
"520494804845993985","Insomnia"
"520494820863660032","@schaimc @ajredita @kawwenbeeyell Sweet nyo ah. :"&gt;"
"520494820939558913","Look at my baby ğŸ˜˜ğŸ˜˜ğŸ˜˜ğŸ˜»ğŸ˜»ğŸ˜» I love you Bae http://t.co/RDqzWSdtXo"
"520494830183387137","The hashtag #hot995jingleball took the 13th place in the Top20 of Washington's Trends for Thursday 9: http://t.co/EtbOrsOx0z #trndnl"
"520494839524515842","I will praise my Maker while I have breath #TYLJ"
"520494853202145281","Finally made it too my bed"
"520494854800171008","Fuck it another all nighter"
"520494864803577856","@Zennistrad Basically  there are non-GGers and anitGGers who can confirm Devi Ever is abusive."
"520494871329898496","Lmao he is shit @TMZ: #Ebola scare: airline passenger pleads  "I ain't from Africa!" http://t.co/ahAQfy3rGd http://t.co/9FvX02Anblâ€"
"520494881408835584","The #British #Intelligence community knows about them... They USE them.. #google THE HYBRID SERIES by .@AndrewHarding4 #paranormal #crime .."
"520494887461224448","money make the world go round"
"520494923007946752","just waking up.."
"520494956298108928","Almost outta here"
"520494958609203200","Wow not falling asleep/ waking up with Christian really fucking sucked. ğŸ˜¢"
"520494975940034560","A dÃ©couvrir sur ma page chÃ¢teaux : Belvedere Castle (USA) https://t.co/Z5q6IgYX8E http://t.co/mTDHHQeGxS"
"520494992692109312","Smooth Jazz ğŸ·ğŸ§ğŸµ"
"520494994239791106","c'est grand je pars a 6h du mat' et aprÃ¨s j'ai 7h35 de vol aprÃ¨s je reste lÃ  bas 1h pas longtemps juste le temps un peu de visitÃ©..."
"520494996550873088","Can't wait to catch up on sleep over break ğŸ˜´"
"520495008500420608","Okay. Now to get rid of the quickie...and enjoy the rest of the night!.https://t.co/47kwBaQxlX #StantonMooreIII #UnderpantsDanceParty"
"520495011604209665",""You become writer by writing. It is a yoga." R.K. Narayan #AWAD"
"520495022026674176","Alotta the Hate really come from being lonely  An as soon as you cut em off you be in phony."
"520495038673862657","Sembreak na pero nagsusulat pa din kami ng script! &lt;/3"
"520495065987559424","@Marsielema - hey  I can't follow you for some reason -  did u get pic u wanted or still need help ??  mike_rossano@yahoo.com #miker #hangw"
"520495066692210688","boys &lt;&lt;&lt;&lt;&lt;&lt;&lt;&lt; &lt;&lt;&lt;&lt;&lt;&lt;&lt;&lt;&lt;&lt;&lt;&lt;"
"520495071054270464","gym @ 5am ğŸ’ªğŸ’ªğŸ’ªğŸ’ª"
"520495076821450752","3 things that completely make me happy.  1.My man    2. Nails    3. American Eagle....my life's so simple lol ğŸ˜Š"
"520495081984638976","@NICKIMINAJ Daily Reminder: I love youuuu."
"520495084819992576","@BoxOfOMG can't wait to hear from you :)"
"520495085956632576","I feel sorry for the 4000 soldiers who are being forced to go the West Africa to fight Ebola. Their families are up in arms. Not trained."
"520495090582978560","Fuck around and forget I ever met you"
"520495100430790656","#SavasÄ°stemiyoruzSavaÅŸaHayÄ±r amerikanÄ±n erkeklerinin canÄ± canda bizim erkeklerimizin patlÄ±can mÄ±?? niye karada TÃ¼rk askeri savaÅŸacak???"
"520495101764993024","@_Rihgasms @aditfenty obviously if they pulled Rih from Thursday Night Football"
"520495105019752448","@kristinatastic being in nyc has made me realize I'm over sf"
"520495110698856448","Eat that pussy up "@pwrstrangelove: http://t.co/U4wSLT008V""
"520495112158449664","I'm really just cuddly in the morning I need cuddles."
"520495120194748417","http://t.co/6k3g0hzAkG #NFL wears pink &amp; covers up black-and-blue #domesticviolence @WomensAlliance @ViolenceNet @singleheroesoz @nfl"
"520495150888681473","And who's performing at the next #SUPERBOWLHALFTIME? @katyperry! Yes! Better choice than Rihanna or Cold Play ANY day!!! #ROAR"
"520495159562502144","People think they gonna get you mad/jealous by showing off how much they are doing them but In reality it just disgusts em'"
"520495166399217664","@Mariska @UcanCallmeLitke Those green drinks must be like rocket fuel if they can propel you through your jam-packed schedule. I gotta try 1"
"520495171390435328","@trellmix34 wsp nigga"
"520495187253280768","Me &amp; My girlfriend &amp; my god sister on the bus I love them so much ğŸ˜˜ğŸ˜˜ğŸ˜˜ğŸ˜˜ğŸ’¯ğŸ’¯ http://t.co/0HwYwGXvJK"
"520495196463972352","Cant sleep ğŸ˜«"
"520495198355615744","Could never f*cking sleep around this time."
"520495226914226177","#SavasÄ°stemiyoruzSavaÅŸaHayÄ±r Ã§Ã¼nkÃ¼ BARIÅ istiyoruz...."
"520495227782434817","@mario Concord America with @CYMBALSmusic  @WAMPIREMUSIC  and White Fence at @arlenesgrocery (Oct 24  2014): N... http://t.co/w71qPKvTri"
"520495246401343488","Finallyy homeâ˜ºï¸"
"520495249211523072","Spring Wedding at Jean-Georges NYC | Melissa and Dominique  http://t.co/dcy8xOWZYH"
"520495250977341440","TGIF to the 25th power GM! Happy dance this is a long weekend for me off Monday and so grateful! ğŸ¶ğŸ¹ğŸ¼ğŸ»ğŸºğŸ·"
"520495261144322049","might want to read the #racy #writings of .@TabooDeana and .@NLPublications Go see~~~&gt; #follow ."
"520495269931405312","Me next "@MAXXX_GORDITAS: Que mujer tan sexxxy http://t.co/S3ZEijzIWN""
"520495277359509505","To Gate C! #washingtondulles #hyperlapse @ Washington Dulles International Airport http://t.co/6T2t0Ag6vl"
"520495284716310528","Being with you forever is all I've ever wanted â¤ğŸ‘°ğŸ˜™"
"520495285869756416","Up ğŸ˜©ğŸ˜¢"
"520495295508254720","all she do is fake for twitterğŸ˜’"
"520495304634687488","Distribution Technician-Per Diem/Day - Community Medical Center: (#TomsRiver  NJ) http://t.co/YF5AJJoqOf #Healthcare #Job #Jobs"
"520495318446907392","Mannn.. that's gotta be up there with one of the best comebacks I've ever had."
"520495327808602112","bref"
"520495332707536897","@aliyahobrien Think of your schedule  then think of a friend or family member telling you that this was their schedule. What is your advice?"
"520495333424791552","I'm a huge dummy and I ask the same questions over and over"
"520495342299525122","West Coast Expressway ni projek dari 2009 masih nak umum lagi. #Bajet2015 #recyclespeech"
"520495344220512257","#ÅehitlerÄ°Ã§inVurEmriVerin demeyin sÄ±nÄ±ra dayanan pkk yandaÅŸlarÄ±nÄ± kobani gitmek isteyenleri salÄ±n gitsinler. Gitsinler bakalÄ±m ne yaacaklar."
"520495354757021696","Ø§Ù„Ù„Ù‡Ù… Ø§Ø¬Ø¹Ù„ ÙŠÙˆÙ… Ø§Ù„Ø¬Ù…Ø¹Ù‡ ØªÙØ±ÙŠØ¬Ø§Ù‹ Ù„ÙƒÙ„ Ù‡Ù… ÙˆØ§Ø³ØªØ¬Ø§Ø¨Ù‡ Ù„ÙƒÙ„ Ø¯Ø¹Ø§Ø¡ ÙˆØºÙØ±Ø§Ù† Ù„ÙƒÙ„ Ø°Ù†Ø¨ ÙˆÙ‡Ø¯Ø§ÙŠÙ‡ Ù„ÙƒÙ„ Ø¹Ø¨Ø¯ ÙˆØ±Ø²Ù‚Ø§Ù‹ Ù„ÙƒÙ„ Ù…Ø­ØªØ§Ø¬â€¦ http://t.co/RdIKajCezA"
"520495377699860480","je vais parler d'autre chose"
"520495387283836929","Lol"
"520495388948959232",""Rihanna can't-" https://t.co/jnzxOBVMux"
"520495395404017664","@juliaraem dumbleavy"
"520495419668045824","a force Ã§a Ã©nerve"
"520495432053428224","#SavasÄ°stemiyoruzSavaÅŸaHayÄ±r Ã‡Ã¼nkÃ¼ TÃ¼rkiye tepetaklak olur....Zaten geliÅŸmekte olan bir Ã¼lkeyiz..."
"520495450814951424","Just dont call no trick plays"
"520495473082503168","all I can do is go to sleep and pray that tomorrow is better."
"520495481055485952","Dreading this drive .....    #waytoomany miles"
"520495486747561985","No car ğŸ˜¡"
"520495505176940544","I canâ€™t sleep."
"520495511250669568","If I ever get a boyfriend  they have to watch Disney shows with me.  Oh wait I'm single for life #LonerLife"
"520495515138809856","People say im to young for coffee.....like have you been to Starbucks or nah?"
"520495556083605504","In fact I noticed you were given no chance to explain/apologize  @battlefieldtrip . Just blocked by @LadyFuzztail and railed on. Was sad."
"520495559132864512","NICE "@MAXXX_GORDITAS: Yo tambiÃ©n me levantÃ³ a esta. Jajaja ya me hice voluntario de la C.R. "@HAROLREX: http://t.co/ofM7C0tNdA"""
"520495588857876480","My crush yes lawd"
"520495620046352384","#SavasÄ°stemiyoruzSavaÅŸaHayÄ±r #BuMilletiAptalSanmayÄ±n #MaceranÄ±nBedeliAÄŸÄ±rOlur"
"520495620336156672","When I get my own home  I WILL be doing this. #Dreams #Goals http://t.co/Ik0DrLhGci"
"520495624559788032","@DyanaWilliams of @1003OldSchool becomes one of Philadelphia outstanding Sister's @PhillyTrib http://t.co/nOCTT6IvlQ"
"520495680767660032","A shiekh is always popular.. with my Asian friends. Al Habibi ..The Emirati Bengali American Shiekh. http://t.co/ZGzvBfXJNs"
"520495688405495808","4 of the 10 highest paid players in the NBA are on NY teams. All of them rate between "terrible" and "mediocre""
"520495715773341696",".@Spangaloo ~~~&gt; an indie publishing house you might want to explore #flollow ......."
